
    /* List of Members */
    INSERT INTO members (card_No, Name, contact, borrowed, returned, registered) VALUES
    ('c-0001', 'Wasikul Hasan Fahim', '01870217660', 0, 0, '14 Jan 2023'),
    ('c-0002', 'Meherin Rahman', '01714567890', 2, 1, '01 Feb 2024'),
    ('c-0003', 'Tanvir Ahmed', '01987654321', 3, 3, '10 Mar 2024'),
    ('c-0004', 'Nusrat Jahan Mome', '01888888888', 1, 0, '22 Apr 2023'),
    ('c-0005', 'Rakibul Islam', '01671234567', 0, 0, '14 May 2022'),
    ('c-0006', 'Mariam Khatun', '01711223344', 2, 1, '15 Jun 2023'),
    ('c-0007', 'Fahim Hossain', '01517012345', 0, 0, '18 Jul 2024'),
    ('c-0008', 'Mahmudul Hasan', '01315678901', 4, 3, '05 Aug 2024'),
    ('c-0009', 'Shamima Akter', '01912000012', 0, 0, '09 Sep 2020'),
    ('c-0010', 'Sabbir Rahman', '01473011199', 5, 5, '11 Oct 2023'),
    ('c-0011', 'Hasan Mahmud', '01767200088', 0, 0, '21 Nov 2021'),
    ('c-0012', 'Farzana Islam', '01678111123', 3, 1, '12 Dec 2023'),
    ('c-0013', 'Zakir Hossain', '01890012345', 1, 1, '05 Jan 2020'),
    ('c-0014', 'Sumaiya Ahmed', '01791022334', 3, 2, '10 Feb 2019'),
    ('c-0015', 'Tariq Islam', '01989034567', 0, 0, '15 Mar 2023'),
    ('c-0016', 'Sadia Khatun', '01887056789', 2, 1, '20 Apr 2022'),
    ('c-0017', 'Sharif Uddin', '01780067890', 1, 1, '25 May 2021'),
    ('c-0018', 'Nilufa Akter', '01389078901', 0, 0, '30 Jun 2022'),
    ('c-0019', 'Habibur Rahman', '01587089012', 3, 3, '05 Jul 2019'),
    ('c-0020', 'Rashida Begum', '01687090123', 4, 3, '10 Aug 2019'),
    ('c-0021', 'Mizanur Rahman', '01519987654', 2, 1, '05 Jan 2021'),
    ('c-0022', 'Rafiq Ahmed', '01710101010', 1, 1, '15 Feb 2020'),
    ('c-0023', 'Shafiul Islam', '01820202020', 2, 1, '22 Mar 2021'),
    ('c-0024', 'Arifa Rahman', '01930303030', 0, 0, '30 Apr 2022'),
    ('c-0025', 'Kamrun Nahar', '01540404040', 3, 2, '10 May 2023'),
    ('c-0026', 'Asif Mahmud', '01650505050', 4, 3, '01 Jun 2024'),
    ('c-0027', 'Rubaiya Islam', '01760606060', 2, 2, '15 Jul 2023'),
    ('c-0028', 'Al Amin', '01870707070', 1, 0, '20 Aug 2022'),
    ('c-0029', 'Nurul Huda', '01980808080', 0, 0, '25 Sep 2021'),
    ('c-0030', 'Sharmin Akter', '01590909090', 5, 4, '05 Oct 2024'),
    ('c-0031', 'Rumana Khatun', '01311111111', 3, 3, '10 Nov 2023'),
    ('c-0032', 'Ibrahim Khalil', '01422222222', 2, 1, '14 Dec 2022'),
    ('c-0033', 'Farhan Ahmed', '01533333333', 0, 0, '12 Jan 2023'),
    ('c-0034', 'Lamia Yasmin', '01744444444', 1, 1, '08 Feb 2021'),
    ('c-0035', 'Mokhlesur Rahman', '01855555555', 4, 4, '22 Mar 2020'),
    ('c-0036', 'Sanjida Rahman', '01666666666', 2, 1, '16 Apr 2023'),
    ('c-0037', 'Nayem Hossain', '01977777777', 1, 1, '28 May 2024'),
    ('c-0038', 'Anika Sultana', '01588888888', 3, 2, '19 Jun 2021'),
    ('c-0039', 'Jahidul Islam', '01399999999', 0, 0, '05 Jul 2020'),
    ('c-0040', 'Maliha Rahman', '01712121212', 5, 5, '09 Aug 2022'),
    ('c-0041', 'Tanjina Akter', '01813131313', 2, 1, '01 Sep 2019');

    /* List of staffs */
    INSERT INTO staffs (staff_ID, Name, age, designation, salary, shift, date_joined) VALUES
    ('STF001', 'Jakia Akter', 35, 'Senior Library Manager', 75000, 'Sunday, Monday, Tuesday, Wednesday, Thursday, Saturday', '2015-06-01'),
    ('STF002', 'Sohel Molla', 29, 'IT Support Specialist', 60000, 'Sunday, Tuesday, Thursday', '2018-03-12'),
    ('STF003', 'Ali Khan', 40, 'Librarian', 55000, 'Sunday, Monday, Thursday', '2018-11-23'),
    ('STF004', 'Maya Roy', 32, 'Security', 19000, 'Monday, Tuesday, Saturday', '2019-09-15'),
    ('STF005', 'Lima Chowdhury', 28, 'Assistant Librarian', 30000, 'Sunday, Saturday', '2019-07-22'),
    ('STF006', 'Dinesh Roy', 50, 'Librarian', 48000, 'Tuesday, Wednesday, Thursday', '2021-01-18'),
    ('STF007', 'Sara Ahmed', 26, 'Assistant Librarian', 30000, 'Tuesday, Thursday', '2021-08-10'),
    ('STF008', 'Humayun Kabir', 38, 'Assistant Librarian', 32000, 'Monday, Wednesday', '2021-02-27'),
    ('STF009', 'Ema Ahmed', 45, 'Assistant Library Manager', 50000, 'Monday, Wednesday, Saturday', '2020-12-05'),
    ('STF010', 'Rahul Sen', 30, 'Security', 25000, 'Sunday, Wednesday, Thursday', '2017-05-14'),
    ('STF011', 'Sophia Ali', 27, 'Library Clerk', 32000, 'Sunday, Wednesday, Thursday', '2020-04-25'),
    ('STF012', 'Ahid Ashraf', 25, 'Librarian', 53000, 'Sunday, Wednesday, Saturday', '2021-10-28'),
    ('STF013', 'Fatima Noor', 39, 'Library Clark', 31000, 'Monday, Tuesday, Saturday', '2018-6-16'),
    ('STF014', 'Robiul Kabir', 39, 'Librarian', 53000, 'Monday, Tuesday, Saturday', '2020-10-02');

    /* List of publishers */
    INSERT INTO publisher (pb_ID, Name, published) VALUES
    ('pb-04301', 'Penguin Random House', 23),
    ('pb-34002', 'HarperCollins', 17),
    ('pb-65003', 'Simon & Schuster', 11),
    ('pb-12004', 'Macmillan', 13),
    ('pb-32434', 'Rokomari Publications', 15),
    ('pb-63421', 'Annya Publication', 22),
    ('pb-12987', 'Pathak Shamabesh', 20),
    ('pb-52376', 'Mawla Brothers', 14),
    ('pb-77321', 'OnnoRokom Prokashoni', 14),
    ('pb-48291', 'Kabir Publication', 15),
    ('pb-56930', 'Somoy Publication', 20),
    ('pb-90812', 'Shikha Prokashani', 15),
    ('pb-65937', 'Bangla Academy', 20),
    ('pb-21783', 'Agamee Prakashani', 10),
    ('pb-93827', 'Kothaprokash', 12),
    ('pb-30465', 'Abosar Prokashana Sangstha', 13),
    ('pb-52011', 'Macmillan Bangladesh', 16),
    ('pb-64013', 'New Library', 19),
    ('pb-23014', 'Voyeger Books', 19),
    ('pb-12015', 'Prothoma Prokashon',14);

    /* List of Categories */
    INSERT INTO categories (ct_ID, Name, Book_Count) VALUES
    ('ct-37837', 'Romance', 15),
    ('ct-56218', 'Thriller', 20),
    ('ct-29873', 'Fantasy', 14),
    ('ct-29824', 'Literature', 24),
    ('ct-91345', 'Historical', 14),
    ('ct-74632', 'Mystery', 15),
    ('ct-13458', 'Biography', 20),
    ('ct-42781', 'Self-Help', 15),
    ('ct-68124', 'Fiction', 20),
    ('ct-79023', 'Horror', 10),
    ('ct-83921', 'Adventure', 12),
    ('ct-83634', 'Education', 19),
    ('ct-56398', 'Classics', 13);

    /* List of Writers */
    INSERT INTO writers VALUES
    ('wr-3412', 'Kazi Nazrul Islam', '24 May 1899'),
    ('wr-6342', 'Humayun Ahmed', '12 Nov 1948'),
    ('wr-2463', 'Shamsur Rahman', '23 Oct 1929'),
    ('wr-2346', 'Jasimuddin', '1 Jan 1903'),
    ('wr-3653', 'Sufia Kamal', '20 Jun 1911'),
    ('wr-4656', 'Michael Madhusudan Dutt', '25 Jan 1824'),
    ('wr-5634', 'Al Mahmud', '11 Jul 1936'),
    ('wr-4564', 'William Shakespeare', '26 Apr 1564'),
    ('wr-9246', 'J.K. Rowling', '31 Jul 1965'),
    ('wr-5246', 'George RR Martin', '20 Sep 1948'),
    ('wr-4345', 'David Aurnstin', '14 Sep 1992'),
    ('wr-6789', 'Rabindranath Tagore', '7 May 1861'),
    ('wr-7890', 'Leo Tolstoy', '9 Sep 1828'),
    ('wr-8901', 'Gabriel Garcia Marquez', '6 Mar 1927'),
    ('wr-9012', 'Ernest Hemingway', '21 Jul 1899'),
    ('wr-0123', 'Fyodor Dostoevsky', '11 Nov 1821'),
    ('wr-1234', 'Jane Austen', '16 Dec 1775'),
    ('wr-2345', 'Mark Twain', '30 Nov 1835'),
    ('wr-3456', 'J.R.R. Tolkien', '3 Jan 1892'),
    ('wr-4567', 'Virginia Woolf', '25 Jan 1882'),
    ('wr-5678', 'Charles Dickens', '7 Feb 1812');

    /* List of books */
    INSERT INTO books VALUES
    ('bk-0000001', 'The City and Its Uncertain Walls', 'pb-04301', 'ct-74632', 2020, 'wr-4345', 350, 2),
    ('bk-0000002', 'The Unseen Hand', 'pb-12004', 'ct-56218', 2021, 'wr-4345', 380, 3),
    ('bk-0000003', 'The Silent Thread', 'pb-65003', 'ct-74632', 2020, 'wr-4345', 350, 4),
    ('bk-0000004', 'The Shattered Mirror', 'pb-12004', 'ct-74632', 2019, 'wr-4345', 450, 5),
    ('bk-0000005', 'The Whispering Wind', 'pb-65003', 'ct-56218', 2018, 'wr-4345', 420, 3),
    ('bk-0000006', 'Agnibina', 'pb-12987', 'ct-37837', 2012, 'wr-3412', 320, 3),
    ('bk-0000007', 'Sanchita', 'pb-56930', 'ct-74632', 2010, 'wr-3412', 310, 6),
    ('bk-0000008', 'Phanimanasa', 'pb-48291', 'ct-29824', 2010, 'wr-3412', 240, 4),
    ('bk-0000009', 'Chakrabak', 'pb-12987', 'ct-37837', 2010, 'wr-3412', 180, 8),
    ('bk-0000010', 'Nirjhar', 'pb-56930', 'ct-29824', 2010, 'wr-3412', 200, 6),
    ('bk-0000011', 'Shonkhonil Karagar', 'pb-21783', 'ct-91345', 2016, 'wr-6342', 550, 7),
    ('bk-0000012', 'Misir Ali', 'pb-12987', 'ct-29873', 2014, 'wr-6342', 320, 8),
    ('bk-0000013', 'Tumi Ekti Rupkotha', 'pb-52376', 'ct-42781', 2013, 'wr-2463', 450, 7),
    ('bk-0000014', 'Meghla Diner Sagorika', 'pb-21783', 'ct-13458', 2019, 'wr-2463', 500, 5),
    ('bk-0000015', 'Brishti Theke Shuru', 'pb-32434', 'ct-29824', 2017, 'wr-2346', 120, 12),
    ('bk-0000016', 'Prothom Alo', 'pb-21783', 'ct-42781', 2014, 'wr-2346', 320, 3),
    ('bk-0000017', 'Ekattor Diary', 'pb-48291', 'ct-91345', 2012, 'wr-3653', 280, 6),
    ('bk-0000018', 'Meghnadbadh Kavya', 'pb-52376', 'ct-68124', 2008, 'wr-4656', 800, 3),
    ('bk-0000019', 'Padmavati', 'pb-93827', 'ct-68124', 2010, 'wr-4656', 400, 4),
    ('bk-0000020', 'Amar Naam Tomar Naam', 'pb-52011', 'ct-29824', 2015, 'wr-5634', 300, 6),
    ('bk-0000021', 'Hamlet', 'pb-64013', 'ct-29873', 2018, 'wr-4564', 720, 13),
    ('bk-0000022', 'Romeo and Juliet', 'pb-65003', 'ct-37837', 2010, 'wr-4564', 1000, 12),
    ('bk-0000023', 'Uthsha', 'pb-64013', 'ct-29824', 2010, 'wr-3653', 180, 6),
    ('bk-0000024', 'Durer Chup', 'pb-93827', 'ct-74632', 2010, 'wr-5634', 250, 2),
    ('bk-0000025', 'Bangla Byakaron', 'pb-65937', 'ct-83634', 2023, 'wr-2463', 500, 20),
    ('bk-0000026', 'Macbeth', 'pb-34002', 'ct-83921', 2010, 'wr-4564', 320, 4),
    ('bk-0000027', 'Harry Potter and the Sorcerers Stone', 'pb-34002', 'ct-29873', 2016, 'wr-9246', 900, 16),
    ('bk-0000028', 'Harry Potter and the Chamber of Secrets', 'pb-34002', 'ct-74632', 2018, 'wr-9246', 950, 15),
    ('bk-0000029', 'Harry Potter and the prisoner of Azkaban', 'pb-34002', 'ct-83921', 2019, 'wr-9246', 1000, 18),
    ('bk-0000030', 'Harry Potter and the Goblet of Fire', 'pb-34002', 'ct-56218', 2016, 'wr-9246', 320, 4),
    ('bk-0000031', 'A Game of Thrones', 'pb-23014', 'ct-56398', 2019, 'wr-5246', 1200, 12),
    ('bk-0000032', 'A Clash of Kings', 'pb-23014', 'ct-56218', 2022, 'wr-5246', 1200, 14),
    ('bk-0000033', 'A Dance with Dragons', 'pb-23014', 'ct-56218', 2024, 'wr-5246', 1500, 8),
    ('bk-0000034', 'A Feast for Crows', 'pb-23014', 'ct-56218', 2020, 'wr-5246', 1200, 17),
    ('bk-0000035', 'A Storm of Swords', 'pb-23014', 'ct-68124', 2018, 'wr-5246', 1100, 11),
    ('bk-0000036', 'The Wind in the Willows', 'pb-04301', 'ct-56398', 2020, 'wr-4345', 300, 10),
    ('bk-0000037', 'Ek er vitor shob', 'pb-21783', 'ct-83634', 2015, 'wr-2463', 320, 8),
    ('bk-0000038', 'The Great Gatsby', 'pb-65003', 'ct-29824', 2010, 'wr-2346', 180, 7),
    ('bk-0000039', 'War and Peace', 'pb-32434', 'ct-91345', 2016, 'wr-9012', 1400, 5),
    ('bk-0000040', 'Manchitro', 'pb-56930', 'ct-83634', 2021, 'wr-5634', 220, 6),
    ('bk-0000041', '1984', 'pb-93827', 'ct-74632', 2019, 'wr-2345', 250, 4),
    ('bk-0000042', 'Pride and Prejudice', 'pb-52011', 'ct-29824', 2015, 'wr-4656', 280, 8),
    ('bk-0000043', 'The Alchemist', 'pb-64013', 'ct-42781', 2013, 'wr-4564', 240, 9),
    ('bk-0000044', 'Gitanjali', 'pb-32434', 'ct-29824', 2012, 'wr-6789', 250, 7),
    ('bk-0000045', 'Les Misérables', 'pb-65937', 'ct-56398', 2023, 'wr-4564', 1200, 15),
    ('bk-0000046', 'Crime and Punishment', 'pb-04301', 'ct-29824', 2021, 'wr-0123', 480, 7),
    ('bk-0000047', 'The Brothers Karamazov', 'pb-12004', 'ct-91345', 2022, 'wr-0123', 720, 6),
    ('bk-0000048', 'The Adventures of Tom Sawyer', 'pb-65003', 'ct-83921', 2018, 'wr-2345', 240, 10),
    ('bk-0000049', 'The Hobbit', 'pb-32434', 'ct-68124', 2020, 'wr-3456', 310, 12),
    ('bk-0000050', 'The Lord of the Rings', 'pb-56930', 'ct-68124', 2019, 'wr-3456', 1200, 14),
    ('bk-0000051', 'Emma', 'pb-93827', 'ct-29824', 2018, 'wr-1234', 480, 7),
    ('bk-0000052', 'Sense and Sensibility', 'pb-52011', 'ct-29824', 2021, 'wr-1234', 380, 5),
    ('bk-0000053', 'A Farewell to Arms', 'pb-64013', 'ct-42781', 2016, 'wr-9012', 350, 8),
    ('bk-0000054', 'For Whom the Bell Tolls', 'pb-23014', 'ct-91345', 2017, 'wr-9012', 420, 6),
    ('bk-0000055', 'Love in the Time of Cholera', 'pb-65937', 'ct-37837', 2015, 'wr-8901', 350, 9),
    ('bk-0000056', 'One Hundred Years of Solitude', 'pb-04301', 'ct-56398', 2018, 'wr-8901', 460, 11),
    ('bk-0000057', 'War and Peace', 'pb-12004', 'ct-91345', 2017, 'wr-7890', 1400, 10),
    ('bk-0000058', 'Anna Karenina', 'pb-65003', 'ct-37837', 2015, 'wr-7890', 800, 8),
    ('bk-0000059', 'Gitanjali', 'pb-32434', 'ct-29824', 2012, 'wr-6789', 250, 7),
    ('bk-0000060', 'The Home and the World', 'pb-56930', 'ct-42781', 2014, 'wr-6789', 320, 6);

    /* All the entries */
    INSERT INTO entries VALUES
    ('er-00001', 'c-0001', 'STF005', '2023-01-12', '2023-01-15', 'bk-0000032'),
    ('er-00002', 'c-0005', 'STF003', '2020-07-04', '2020-07-08', 'bk-0000016'),
    ('er-00003', 'c-0011', 'STF006', '2021-03-06', '2021-03-10', 'bk-0000010'),
    ('er-00004', 'c-0003', 'STF005', '2022-05-15', '2022-05-20', 'bk-0000020'),
    ('er-00005', 'c-0007', 'STF008', '2023-07-10', '2023-08-15', 'bk-0000019'),
    ('er-00006', 'c-0008', 'STF007', '2022-02-08', '2022-02-12', 'bk-0000032'),
    ('er-00007', 'c-0019', 'STF005', '2021-06-05', '2021-06-10', 'bk-0000012'),
    ('er-00008', 'c-0004', 'STF006', '2020-07-22', '2020-07-30', 'bk-0000015'),
    ('er-00009', 'c-0007', 'STF008', '2021-10-19', '2021-10-25', 'bk-0000026'),
    ('er-00010', 'c-0021', 'STF012', '2022-11-11', '2022-11-20', 'bk-0000031'),
    ('er-00011', 'c-0005', 'STF003', '2021-04-15', '2021-04-25', 'bk-0000028'),
    ('er-00012', 'c-0013', 'STF006', '2020-08-18', '2020-08-25', 'bk-0000019'),
    ('er-00013', 'c-0011', 'STF005', '2023-12-07', '2023-12-15', 'bk-0000020'),
    ('er-00014', 'c-0009', 'STF008', '2021-03-02', '2021-03-12', 'bk-0000011'),
    ('er-00015', 'c-0020', 'STF005', '2022-09-09', '2022-09-15', 'bk-0000002'),
    ('er-00016', 'c-0011', 'STF007', '2023-01-14', '2023-01-20', 'bk-0000033'),
    ('er-00017', 'c-0010', 'STF012', '2023-02-20', '2023-02-25', 'bk-0000024'),
    ('er-00018', 'c-0016', 'STF003', '2021-06-03', '2021-06-10', 'bk-0000015'),
    ('er-00019', 'c-0010', 'STF002', '2023-10-12', '2023-10-20', 'bk-0000026'),
    ('er-00020', 'c-0021', 'STF012', '2023-01-01', '2023-01-15', 'bk-0000017'),
    ('er-00021', 'c-0008', 'STF012', '2021-04-07', '2021-04-15', 'bk-0000018'),
    ('er-00022', 'c-0017', 'STF003', '2022-07-19', '2022-07-25', 'bk-0000029'),
    ('er-00023', 'c-0003', 'STF006', '2022-03-15', '2022-03-20', 'bk-0000010'),
    ('er-00024', 'c-0001', 'STF012', '2020-06-10', '2020-06-20', 'bk-0000021'),
    ('er-00025', 'c-0009', 'STF006', '2023-11-21', '2023-11-25', 'bk-0000012'),
    ('er-00026', 'c-0008', 'STF005', '2022-12-14', '2022-12-20', 'bk-0000013'),
    ('er-00027', 'c-0004', 'STF012', '2023-01-05', '2023-01-10', 'bk-0000034'),
    ('er-00028', 'c-0015', 'STF007', '2021-08-03', '2021-08-12', 'bk-0000025'),
    ('er-00029', 'c-0018', 'STF012', '2022-02-08', '2022-02-15', 'bk-0000016'),
    ('er-00030', 'c-0020', 'STF012', '2023-03-19', '2023-03-25', 'bk-0000007'),
    ('er-00031', 'c-0002', 'STF007', '2023-11-09', '2023-11-20', 'bk-0000028'),
    ('er-00032', 'c-0021', 'STF012', '2023-12-05', '2023-12-15', 'bk-0000009'),
    ('er-00033', 'c-0014', 'STF003', '2021-10-02', '2021-10-10', 'bk-0000010'),
    ('er-00034', 'c-0014', 'STF003', '2021-10-02', '2021-10-10', 'bk-0000010');
